{
  "preset_info": {
    "version": 11,
    "title": "SOC Gauge 1",
    "description": "",
    "author": "Michael Balzer",
    "email": "dexter@dexters-web.de",
    "width": 392,
    "height": 264,
    "features": "",
    "release": 362224416,
    "locked": false,
    "pflags": 0
  },
  "preset_root": {
    "internal_events": [
      {
        "action": "KUSTOM_ACTION",
        "kustom_action": "ADVANCED_EDITOR"
      }
    ],
    "internal_type": "RootLayerModule",
    "background_color": "#CE3B3939",
    "viewgroup_items": [
      {
        "internal_type": "BitmapModule",
        "bitmap_svg": "kfile://org.kustom.provider/bitmaps/IMGfc67d71548298fbe661dcc67f997af2c",
        "bitmap_filter": "BW",
        "internal_title": "Skala",
        "bitmap_mode": "VECTOR",
        "position_offset_y": -40.0
      },
      {
        "internal_type": "ShapeModule",
        "internal_title": "Zeiger",
        "internal_toggles": {
          "shape_rotate_offset": 10
        },
        "internal_formulas": {
          "shape_rotate_offset": "$br(ovms, car_soc)/100*120-60$"
        },
        "shape_type": "RECT",
        "shape_width": 5.0,
        "shape_height": 30.0,
        "shape_corners": 5.0,
        "shape_rotate_mode": "MANUAL",
        "shape_rotate_offset": 300.0,
        "shape_rotate_radius": 40.0,
        "paint_color": "#FFFA1D13"
      },
      {
        "internal_type": "ShapeModule",
        "internal_title": "Bogen",
        "shape_type": "ARC",
        "shape_width": 60.0,
        "shape_height": 5.0,
        "shape_angle": 120.0,
        "position_offset_y": -25.0
      },
      {
        "internal_type": "FontIconModule",
        "icon_icon": "battery_charging_full",
        "icon_size": 20.0,
        "icon_rotate_mode": "DEG90",
        "paint_style": "STROKE",
        "position_offset_y": -10.0,
        "internal_toggles": {
          "icon_icon": 10
        },
        "internal_formulas": {
          "icon_icon": "$if(br(ovms,car_chargeport_open) = true, \"Battery_charging_full\", \"Battery_std\")$"
        }
      }
    ]
  }
}